"","id","nurse","Day_of_Month"
"1",1,23,17
"2",2,7,30
"3",3,18,28
"4",4,25,14
"5",5,12,4
"6",6,25,16
"7",7,20,23
"8",8,3,22
"9",9,18,15
"10",10,6,30
"11",11,11,11
"12",12,8,29
"13",13,23,23
"14",14,17,2
"15",15,12,17
"16",16,16,14
"17",17,14,17
"18",18,8,25
"19",19,13,2
"20",20,12,4
"21",21,7,27
"22",22,9,28
"23",23,7,8
"24",24,4,24
"25",25,14,19
"26",26,17,9
"27",27,3,2
"28",28,13,7
"29",29,6,23
"30",30,17,17
"31",31,1,29
"32",32,13,15
"33",33,18,3
"34",34,3,2
"35",35,6,15
"36",36,8,21
"37",37,4,6
"38",38,3,26
"39",39,14,23
"40",40,13,17
"41",41,1,23
"42",42,23,7
"43",43,8,11
"44",44,14,27
"45",45,18,24
"46",46,6,20
"47",47,17,26
"48",48,15,16
"49",49,10,14
"50",50,2,20
"51",51,17,12
"52",52,14,30
"53",53,8,19
"54",54,11,3
"55",55,19,22
"56",56,21,11
"57",57,16,1
"58",58,4,7
"59",59,18,27
"60",60,8,20
"61",61,15,10
"62",62,4,9
"63",63,14,26
"64",64,9,26
"65",65,4,11
"66",66,20,22
"67",67,5,19
"68",68,21,26
"69",69,5,3
"70",70,11,1
"71",71,1,18
"72",72,19,15
"73",73,8,17
"74",74,16,18
"75",75,25,21
"76",76,18,16
"77",77,2,18
"78",78,16,20
"79",79,4,20
"80",80,12,6
"81",81,3,21
"82",82,23,29
"83",83,23,1
"84",84,13,6
"85",85,13,11
"86",86,20,5
"87",87,1,6
"88",88,5,27
"89",89,12,18
"90",90,21,23
"91",91,12,5
"92",92,17,21
"93",93,2,24
"94",94,8,25
"95",95,25,27
"96",96,19,27
"97",97,10,18
"98",98,12,6
"99",99,8,20
"100",100,25,29
"101",101,13,28
"102",102,19,23
"103",103,5,16
"104",104,6,23
"105",105,15,21
"106",106,12,20
"107",107,4,5
"108",108,19,2
"109",109,25,17
"110",110,20,15
"111",111,11,29
"112",112,9,19
"113",113,24,14
"114",114,2,1
"115",115,18,29
"116",116,2,26
"117",117,21,14
"118",118,3,18
"119",119,11,21
"120",120,21,21
"121",121,22,20
"122",122,3,12
"123",123,20,29
"124",124,2,6
"125",125,19,28
"126",126,8,27
"127",127,23,15
"128",128,9,15
"129",129,17,10
"130",130,20,29
"131",131,24,7
"132",132,14,16
"133",133,15,14
"134",134,25,1
"135",135,13,22
"136",136,16,15
"137",137,24,26
"138",138,5,23
"139",139,5,20
"140",140,1,1
"141",141,1,10
"142",142,13,27
"143",143,17,19
"144",144,23,2
"145",145,24,15
"146",146,2,25
"147",147,20,9
"148",148,7,10
"149",149,12,20
"150",150,8,2
"151",151,15,23
"152",152,10,7
"153",153,24,25
"154",154,4,1
"155",155,21,25
"156",156,2,25
"157",157,24,6
"158",158,3,17
"159",159,8,25
"160",160,2,20
"161",161,1,11
"162",162,21,17
"163",163,8,21
"164",164,16,19
"165",165,4,19
"166",166,13,12
"167",167,11,15
"168",168,12,28
"169",169,21,25
"170",170,3,30
"171",171,6,23
"172",172,24,8
"173",173,17,27
"174",174,22,28
"175",175,11,18
"176",176,2,25
"177",177,1,28
"178",178,8,28
"179",179,10,15
"180",180,24,29
"181",181,5,1
"182",182,10,26
"183",183,25,12
"184",184,13,20
"185",185,16,3
"186",186,1,14
"187",187,16,13
"188",188,2,13
"189",189,8,13
"190",190,5,18
"191",191,15,27
"192",192,22,2
"193",193,13,29
"194",194,23,19
"195",195,24,20
"196",196,25,8
"197",197,21,4
"198",198,3,18
"199",199,19,2
"200",200,8,5
"201",201,11,8
"202",202,9,19
"203",203,22,17
"204",204,17,13
"205",205,4,22
"206",206,21,30
"207",207,10,17
"208",208,21,6
"209",209,23,25
"210",210,23,1
"211",211,22,4
"212",212,6,4
"213",213,7,4
"214",214,6,19
"215",215,11,24
"216",216,6,15
"217",217,5,14
"218",218,8,27
"219",219,10,26
"220",220,13,3
"221",221,18,18
"222",222,5,24
"223",223,6,21
"224",224,20,22
"225",225,22,21
"226",226,22,1
"227",227,3,21
"228",228,15,19
"229",229,12,21
"230",230,4,13
"231",231,24,27
"232",232,17,13
"233",233,3,9
"234",234,14,13
"235",235,7,28
"236",236,14,24
"237",237,11,1
"238",238,24,6
"239",239,7,13
"240",240,22,14
"241",241,8,21
"242",242,16,30
"243",243,20,24
"244",244,20,4
"245",245,4,11
"246",246,16,5
"247",247,23,7
"248",248,18,20
"249",249,15,8
"250",250,7,21
"251",251,22,26
"252",252,7,15
"253",253,4,29
"254",254,3,2
"255",255,17,22
"256",256,22,18
"257",257,12,11
"258",258,14,6
"259",259,15,8
"260",260,1,26
"261",261,8,3
"262",262,3,26
"263",263,22,23
"264",264,25,5
"265",265,24,20
"266",266,10,7
"267",267,15,29
"268",268,9,20
"269",269,23,17
"270",270,8,14
"271",271,5,25
"272",272,21,17
"273",273,23,13
"274",274,1,24
"275",275,23,4
"276",276,14,23
"277",277,7,21
"278",278,14,19
"279",279,4,10
"280",280,7,10
"281",281,1,28
"282",282,25,24
"283",283,21,10
"284",284,10,20
"285",285,20,24
"286",286,21,17
"287",287,3,22
"288",288,7,12
"289",289,9,1
"290",290,24,12
"291",291,25,17
"292",292,24,20
"293",293,3,21
"294",294,19,11
"295",295,16,23
"296",296,20,15
"297",297,10,13
"298",298,12,3
"299",299,13,19
"300",300,16,8
